^14694^;^1^;^4^;^1^;^0^;^base^;^simple^;^Default^;^Castrol Edge Professional Titanium FST V 0W20  1l^;^72^;^13.9^;https://media1mi.de/p/1/20/177/photo-2c911699-d426-48ea-bee1-96743c0ff16c-for_zoom.jpg;^Castrol-Edge-Professional-Titanium-FST-V-0W20--1l.jpg^;^Castrol-Edge-Professional-Titanium-FST-V-0W20--1l.jpg^;^1.0^;^Castrol^
^14695^;^1^;^4^;^1^;^0^;^base^;^simple^;^Default^;^Castrol Edge Professional Titanium FST E 0W20  1l^;^72^;^14.9^;^Castrol-Edge-Professional-Titanium-FST-E-0W20--1l.jpg^;^Castrol-Edge-Professional-Titanium-FST-E-0W20--1l.jpg^;^Castrol-Edge-Professional-Titanium-FST-E-0W20--1l.jpg^;^1.0^;^Castrol^
^626^;^1^;^4^;^1^;^0^;^base^;^simple^;^Default^;^Castrol Edge 0W30 Titanium FST  1l^;^86^;^12.9^;^Castrol-Edge-0W30-Titanium-FST--1l.jpg^;^Castrol-Edge-0W30-Titanium-FST--1l.jpg^;^Castrol-Edge-0W30-Titanium-FST--1l.jpg^;^1.0^;^Castrol^
^13370^;^1^;^4^;^1^;^0^;^base^;^simple^;^Default^;^Castrol Edge 0W30 Titanium FST 208l^;^0^;^1780.9^;^Castrol-Edge-0W30-Titanium-FST-208l.jpg^;^Castrol-Edge-0W30-Titanium-FST-208l.jpg^;^Castrol-Edge-0W30-Titanium-FST-208l.jpg^;^208.0^;^Castrol^
^2692^;^1^;^4^;^1^;^0^;^base^;^simple^;^Default^;^Castrol Edge 0W30 Titanium FST 5l^;^10^;^52.9^;^Castrol-Edge-0W30-Titanium-FST-5l.jpg^;^Castrol-Edge-0W30-Titanium-FST-5l.jpg^;^Castrol-Edge-0W30-Titanium-FST-5l.jpg^;^5.0^;^Castrol^
^2691^;^1^;^4^;^1^;^0^;^base^;^simple^;^Default^;^Castrol Edge 0W30 Titanium FST 20l^;^2^;^183.9^;^Castrol-Edge-0W30-Titanium-FST-20l.jpg^;^Castrol-Edge-0W30-Titanium-FST-20l.jpg^;^Castrol-Edge-0W30-Titanium-FST-20l.jpg^;^20.0^;^Castrol^
^2690^;^1^;^4^;^1^;^0^;^base^;^simple^;^Default^;^Castrol Edge 0W30 Titanium FST 60l^;^2^;^549.9^;^Castrol-Edge-0W30-Titanium-FST-60l.jpg^;^Castrol-Edge-0W30-Titanium-FST-60l.jpg^;^Castrol-Edge-0W30-Titanium-FST-60l.jpg^;^60.0^;^Castrol^
^13390^;^1^;^4^;^1^;^0^;^base^;^simple^;^Default^;^Castrol EDGE Longlife II 0W30 Titanium FST 1l(VW 506.01)^;^0^;^12.9^;^Castrol-EDGE-Longlife-II-0W30-Titanium-FST-1l(VW-506-01.jpg^;^Castrol-EDGE-Longlife-II-0W30-Titanium-FST-1l(VW-506-01.jpg^;^Castrol-EDGE-Longlife-II-0W30-Titanium-FST-1l(VW-506-01.jpg^;^1.0^;^Castrol^
^1016^;^1^;^4^;^1^;^0^;^base^;^simple^;^Default^;^Castrol Edge Professional A5 0W30 Titanium FST 1l(f’_r VOLVO A5/B5)^;^100^;^11.9^;^Castrol-Edge-Professional-A5-0W30-Titanium-FST-1l(fuer-VOLVO-A5-B5.jpg^;^Castrol-Edge-Professional-A5-0W30-Titanium-FST-1l(fuer-VOLVO-A5-B5.jpg^;^Castrol-Edge-Professional-A5-0W30-Titanium-FST-1l(fuer-VOLVO-A5-B5.jpg^;^1.0^;^Castrol^
^1018^;^1^;^4^;^1^;^0^;^base^;^simple^;^Default^;^Castrol Edge Professional A5 0W30 Titanium FST 208l (f’_r VOLVO A5/B5)^;^0^;^1580.9^;^Castrol-Edge-Professional-A5-0W30-Titanium-FST-208lfuer-VOLVO-A5-B5.jpg^;^Castrol-Edge-Professional-A5-0W30-Titanium-FST-208lfuer-VOLVO-A5-B5.jpg^;^Castrol-Edge-Professional-A5-0W30-Titanium-FST-208lfuer-VOLVO-A5-B5.jpg^;^208.0^;^Castrol^
^1017^;^1^;^4^;^1^;^0^;^base^;^simple^;^Default^;^Castrol Edge Professional A5 0W30 Titanium FST 60l (f’_r VOLVO A5/B5)^;^2^;^551.9^;^Castrol-Edge-Professional-A5-0W30-Titanium-FST-60lfuer-VOLVO-A5-B5.jpg^;^Castrol-Edge-Professional-A5-0W30-Titanium-FST-60lfuer-VOLVO-A5-B5.jpg^;^Castrol-Edge-Professional-A5-0W30-Titanium-FST-60lfuer-VOLVO-A5-B5.jpg^;^60.0^;^Castrol^
^13472^;^1^;^4^;^1^;^0^;^base^;^simple^;^Default^;^Castrol Edge Professional C3 0W30  1l^;^0^;^6.9^;^Castrol-Edge-Professional-C3-0W30--1l.jpg^;^Castrol-Edge-Professional-C3-0W30--1l.jpg^;^Castrol-Edge-Professional-C3-0W30--1l.jpg^;^1.0^;^Castrol^
^1019^;^1^;^4^;^1^;^0^;^base^;^simple^;^Default^;^Castrol Edge Professional C3 0W30 Titanium FST  1l^;^100^;^10.9^;^Castrol-Edge-Professional-C3-0W30-Titanium-FST--1l.jpg^;^Castrol-Edge-Professional-C3-0W30-Titanium-FST--1l.jpg^;^Castrol-Edge-Professional-C3-0W30-Titanium-FST--1l.jpg^;^1.0^;^Castrol^
^1020^;^1^;^4^;^1^;^0^;^base^;^simple^;^Default^;^Castrol Edge Professional C3 0W30 Titanium FST 208l^;^0^;^1337.9^;^Castrol-Edge-Professional-C3-0W30-Titanium-FST-208l.jpg^;^Castrol-Edge-Professional-C3-0W30-Titanium-FST-208l.jpg^;^Castrol-Edge-Professional-C3-0W30-Titanium-FST-208l.jpg^;^208.0^;^Castrol^
^2693^;^1^;^4^;^1^;^0^;^base^;^simple^;^Default^;^Castrol Edge Professional C3 0W30 Titanium FST 60l^;^0^;^440.9^;^Castrol-Edge-Professional-C3-0W30-Titanium-FST-60l.jpg^;^Castrol-Edge-Professional-C3-0W30-Titanium-FST-60l.jpg^;^Castrol-Edge-Professional-C3-0W30-Titanium-FST-60l.jpg^;^60.0^;^Castrol^
^1013^;^1^;^4^;^1^;^0^;^base^;^simple^;^Default^;^Castrol Edge Professional Titanium A3 0W30  1l^;^99^;^10.9^;^Castrol-Edge-Professional-Titanium-A3-0W30--1l.jpg^;^Castrol-Edge-Professional-Titanium-A3-0W30--1l.jpg^;^Castrol-Edge-Professional-Titanium-A3-0W30--1l.jpg^;^1.0^;^Castrol^
^1015^;^1^;^4^;^1^;^0^;^base^;^simple^;^Default^;^Castrol Edge Professional Titanium A3 0W30 208l^;^0^;^1285.9^;^Castrol-Edge-Professional-Titanium-A3-0W30-208l.jpg^;^Castrol-Edge-Professional-Titanium-A3-0W30-208l.jpg^;^Castrol-Edge-Professional-Titanium-A3-0W30-208l.jpg^;^208.0^;^Castrol^
^1014^;^1^;^4^;^1^;^0^;^base^;^simple^;^Default^;^Castrol Edge Professional Titanium A3 0W30 60l^;^1^;^420.9^;^Castrol-Edge-Professional-Titanium-A3-0W30-60l.jpg^;^Castrol-Edge-Professional-Titanium-A3-0W30-60l.jpg^;^Castrol-Edge-Professional-Titanium-A3-0W30-60l.jpg^;^60.0^;^Castrol^
^391^;^1^;^4^;^1^;^0^;^base^;^simple^;^Default^;^Castrol Edge Professional Titanium BMW LL04 0W30  1l^;^100^;^10.9^;^Castrol-Edge-Professional-Titanium-BMW-LL04-0W30--1l.jpg^;^Castrol-Edge-Professional-Titanium-BMW-LL04-0W30--1l.jpg^;^Castrol-Edge-Professional-Titanium-BMW-LL04-0W30--1l.jpg^;^1.0^;^Castrol^
^13588^;^1^;^4^;^1^;^0^;^base^;^simple^;^Default^;^Castrol Magnatec Stop-Start 0W30 D 1l (Ford WSS-M2C950-A)^;^5^;^11.9^;^Castrol-Magnatec-StopStart-0W30-D-1lFord-WSSM2C950A.jpg^;^Castrol-Magnatec-StopStart-0W30-D-1lFord-WSSM2C950A.jpg^;^Castrol-Magnatec-StopStart-0W30-D-1lFord-WSSM2C950A.jpg^;^1.0^;^Castrol^
^13586^;^1^;^4^;^1^;^0^;^base^;^simple^;^Default^;^Castrol Magnatec Stop-Start 0W30 D 208l  (Ford WSS-M2C950-A)^;^0^;^1590.9^;^Castrol-Magnatec-StopStart-0W30-D-208l-Ford-WSSM2C950A.jpg^;^Castrol-Magnatec-StopStart-0W30-D-208l-Ford-WSSM2C950A.jpg^;^Castrol-Magnatec-StopStart-0W30-D-208l-Ford-WSSM2C950A.jpg^;^208.0^;^Castrol^
^13585^;^1^;^4^;^1^;^0^;^base^;^simple^;^Default^;^Castrol Magnatec Stop-Start 0W30 D 20l  (Ford WSS-M2C950-A)^;^1^;^167.9^;^Castrol-Magnatec-StopStart-0W30-D-20l-Ford-WSSM2C950A.jpg^;^Castrol-Magnatec-StopStart-0W30-D-20l-Ford-WSSM2C950A.jpg^;^Castrol-Magnatec-StopStart-0W30-D-20l-Ford-WSSM2C950A.jpg^;^20.0^;^Castrol^
^13589^;^1^;^4^;^1^;^0^;^base^;^simple^;^Default^;^Castrol Magnatec Stop-Start 0W30 D 5l  (Ford WSS-M2C950-A)^;^1^;^46.9^;^Castrol-Magnatec-StopStart-0W30-D-5l-Ford-WSSM2C950A.jpg^;^Castrol-Magnatec-StopStart-0W30-D-5l-Ford-WSSM2C950A.jpg^;^Castrol-Magnatec-StopStart-0W30-D-5l-Ford-WSSM2C950A.jpg^;^5.0^;^Castrol^
^13587^;^1^;^4^;^1^;^0^;^base^;^simple^;^Default^;^Castrol Magnatec Stop-Start 0W30 D 60l  (Ford WSS-M2C950-A)^;^0^;^487.9^;^Castrol-Magnatec-StopStart-0W30-D-60l-Ford-WSSM2C950A.jpg^;^Castrol-Magnatec-StopStart-0W30-D-60l-Ford-WSSM2C950A.jpg^;^Castrol-Magnatec-StopStart-0W30-D-60l-Ford-WSSM2C950A.jpg^;^60.0^;^Castrol^
^13371^;^1^;^4^;^1^;^0^;^base^;^simple^;^Default^;^Castrol Edge FST 0W40 A3/B4  4l ^;^34^;^42.9^;^Castrol-Edge-FST-0W40-A3-B4--4l-.jpg^;^Castrol-Edge-FST-0W40-A3-B4--4l-.jpg^;^Castrol-Edge-FST-0W40-A3-B4--4l-.jpg^;^4.0^;^Castrol^
^13474^;^1^;^4^;^1^;^0^;^base^;^simple^;^Default^;^Castrol Edge Professional A3 0W40  1l^;^100^;^6.9^;^Castrol-Edge-Professional-A3-0W40--1l.jpg^;^Castrol-Edge-Professional-A3-0W40--1l.jpg^;^Castrol-Edge-Professional-A3-0W40--1l.jpg^;^1.0^;^Castrol^
^1021^;^1^;^4^;^1^;^0^;^base^;^simple^;^Default^;^Castrol Edge Professional Titanium FST A3 0W40  1l^;^100^;^11.9^;^Castrol-Edge-Professional-Titanium-FST-A3-0W40--1l.jpg^;^Castrol-Edge-Professional-Titanium-FST-A3-0W40--1l.jpg^;^Castrol-Edge-Professional-Titanium-FST-A3-0W40--1l.jpg^;^1.0^;^Castrol^
^1023^;^1^;^4^;^1^;^0^;^base^;^simple^;^Default^;^Castrol Edge Professional Titanium FST A3 0W40 208l^;^0^;^1406.9^;^Castrol-Edge-Professional-Titanium-FST-A3-0W40-208l.jpg^;^Castrol-Edge-Professional-Titanium-FST-A3-0W40-208l.jpg^;^Castrol-Edge-Professional-Titanium-FST-A3-0W40-208l.jpg^;^208.0^;^Castrol^
^1022^;^1^;^4^;^1^;^0^;^base^;^simple^;^Default^;^Castrol Edge Professional Titanium FST A3 0W40 60l^;^0^;^475.9^;^Castrol-Edge-Professional-Titanium-FST-A3-0W40-60l.jpg^;^Castrol-Edge-Professional-Titanium-FST-A3-0W40-60l.jpg^;^Castrol-Edge-Professional-Titanium-FST-A3-0W40-60l.jpg^;^60.0^;^Castrol^
^1005^;^1^;^4^;^1^;^0^;^base^;^simple^;^Default^;^Castrol Edge Titanium FST 0W40 A3/B4  1l^;^67^;^12.9^;^Castrol-Edge-Titanium-FST-0W40-A3-B4--1l.jpg^;^Castrol-Edge-Titanium-FST-0W40-A3-B4--1l.jpg^;^Castrol-Edge-Titanium-FST-0W40-A3-B4--1l.jpg^;^1.0^;^Castrol^
^13369^;^1^;^4^;^1^;^0^;^base^;^simple^;^Default^;^Castrol Edge Titanium FST 0W40 A3/B4 208l^;^0^;^1780.9^;^Castrol-Edge-Titanium-FST-0W40-A3-B4-208l.jpg^;^Castrol-Edge-Titanium-FST-0W40-A3-B4-208l.jpg^;^Castrol-Edge-Titanium-FST-0W40-A3-B4-208l.jpg^;^208.0^;^Castrol^
^2696^;^1^;^4^;^1^;^0^;^base^;^simple^;^Default^;^Castrol Edge Titanium FST 0W40 A3/B4 20l^;^5^;^183.9^;^Castrol-Edge-Titanium-FST-0W40-A3-B4-20l.jpg^;^Castrol-Edge-Titanium-FST-0W40-A3-B4-20l.jpg^;^Castrol-Edge-Titanium-FST-0W40-A3-B4-20l.jpg^;^20.0^;^Castrol^
^2695^;^1^;^4^;^1^;^0^;^base^;^simple^;^Default^;^Castrol Edge Titanium FST 0W40 A3/B4 5l^;^100^;^52.9^;^Castrol-Edge-Titanium-FST-0W40-A3-B4-5l.jpg^;^Castrol-Edge-Titanium-FST-0W40-A3-B4-5l.jpg^;^Castrol-Edge-Titanium-FST-0W40-A3-B4-5l.jpg^;^5.0^;^Castrol^
^2697^;^1^;^4^;^1^;^0^;^base^;^simple^;^Default^;^Castrol Edge Titanium FST 0W40 A3/B4 60l^;^2^;^543.9^;^Castrol-Edge-Titanium-FST-0W40-A3-B4-60l.jpg^;^Castrol-Edge-Titanium-FST-0W40-A3-B4-60l.jpg^;^Castrol-Edge-Titanium-FST-0W40-A3-B4-60l.jpg^;^60.0^;^Castrol^
^1024^;^1^;^4^;^1^;^0^;^base^;^simple^;^Default^;^Castrol Edge Professional Titanium A1 5W20  1l^;^100^;^12.9^;^Castrol-Edge-Professional-Titanium-A1-5W20--1l.jpg^;^Castrol-Edge-Professional-Titanium-A1-5W20--1l.jpg^;^Castrol-Edge-Professional-Titanium-A1-5W20--1l.jpg^;^1.0^;^Castrol^
^2833^;^1^;^4^;^1^;^0^;^base^;^simple^;^Default^;^Castrol Magnatec Professional E 5W20 1l(Ford EcoBoost WSS-M2C948-B)^;^100^;^9.9^;^Castrol-Magnatec-Professional-E-5W20-1l(Ford-EcoBoost-WSSM2C948B.jpg^;^Castrol-Magnatec-Professional-E-5W20-1l(Ford-EcoBoost-WSSM2C948B.jpg^;^Castrol-Magnatec-Professional-E-5W20-1l(Ford-EcoBoost-WSSM2C948B.jpg^;^1.0^;^Castrol^
^2845^;^1^;^4^;^1^;^0^;^base^;^simple^;^Default^;^Castrol Magnatec Professional E 5W20 5l(Ford EcoBoost WSS-M2C948-B)^;^19^;^39.9^;^Castrol-Magnatec-Professional-E-5W20-5l(Ford-EcoBoost-WSSM2C948B.jpg^;^Castrol-Magnatec-Professional-E-5W20-5l(Ford-EcoBoost-WSSM2C948B.jpg^;^Castrol-Magnatec-Professional-E-5W20-5l(Ford-EcoBoost-WSSM2C948B.jpg^;^5.0^;^Castrol^
^3211^;^1^;^4^;^1^;^0^;^base^;^simple^;^Default^;^Castrol Magnatec Professional E 5W20 60l (Ford EcoBoost WSS-M2C948-B)^;^0^;^470.9^;^Castrol-Magnatec-Professional-E-5W20-60lFord-EcoBoost-WSSM2C948B.jpg^;^Castrol-Magnatec-Professional-E-5W20-60lFord-EcoBoost-WSSM2C948B.jpg^;^Castrol-Magnatec-Professional-E-5W20-60lFord-EcoBoost-WSSM2C948B.jpg^;^60.0^;^Castrol^
^13593^;^1^;^4^;^1^;^0^;^base^;^simple^;^Default^;^Castrol Magnatec Stop-Start 5W20 E 1l(Ford EcoBoost WSS-M2C948-B)^;^24^;^10.9^;^Castrol-Magnatec-StopStart-5W20-E-1l(Ford-EcoBoost-WSSM2C948B.jpg^;^Castrol-Magnatec-StopStart-5W20-E-1l(Ford-EcoBoost-WSSM2C948B.jpg^;^Castrol-Magnatec-StopStart-5W20-E-1l(Ford-EcoBoost-WSSM2C948B.jpg^;^1.0^;^Castrol^
^13591^;^1^;^4^;^1^;^0^;^base^;^simple^;^Default^;^Castrol Magnatec Stop-Start 5W20 E 208l (Ford EcoBoost WSS-M2C948-B)^;^0^;^1544.9^;^Castrol-Magnatec-StopStart-5W20-E-208lFord-EcoBoost-WSSM2C948B.jpg^;^Castrol-Magnatec-StopStart-5W20-E-208lFord-EcoBoost-WSSM2C948B.jpg^;^Castrol-Magnatec-StopStart-5W20-E-208lFord-EcoBoost-WSSM2C948B.jpg^;^208.0^;^Castrol^
^13590^;^1^;^4^;^1^;^0^;^base^;^simple^;^Default^;^Castrol Magnatec Stop-Start 5W20 E 20l (Ford EcoBoost WSS-M2C948-B)^;^1^;^162.9^;^Castrol-Magnatec-StopStart-5W20-E-20lFord-EcoBoost-WSSM2C948B.jpg^;^Castrol-Magnatec-StopStart-5W20-E-20lFord-EcoBoost-WSSM2C948B.jpg^;^Castrol-Magnatec-StopStart-5W20-E-20lFord-EcoBoost-WSSM2C948B.jpg^;^20.0^;^Castrol^
^13594^;^1^;^4^;^1^;^0^;^base^;^simple^;^Default^;^Castrol Magnatec Stop-Start 5W20 E 5l (Ford EcoBoost WSS-M2C948-B)^;^8^;^45.9^;^Castrol-Magnatec-StopStart-5W20-E-5lFord-EcoBoost-WSSM2C948B.jpg^;^Castrol-Magnatec-StopStart-5W20-E-5lFord-EcoBoost-WSSM2C948B.jpg^;^Castrol-Magnatec-StopStart-5W20-E-5lFord-EcoBoost-WSSM2C948B.jpg^;^5.0^;^Castrol^
^13592^;^1^;^4^;^1^;^0^;^base^;^simple^;^Default^;^Castrol Magnatec Stop-Start 5W20 E 60l (Ford EcoBoost WSS-M2C948-B)^;^0^;^474.9^;^Castrol-Magnatec-StopStart-5W20-E-60lFord-EcoBoost-WSSM2C948B.jpg^;^Castrol-Magnatec-StopStart-5W20-E-60lFord-EcoBoost-WSSM2C948B.jpg^;^Castrol-Magnatec-StopStart-5W20-E-60lFord-EcoBoost-WSSM2C948B.jpg^;^60.0^;^Castrol^
^13598^;^1^;^4^;^1^;^0^;^base^;^simple^;^Default^;^Castrol Magnatec Stop-Start 5W30 A3/B4 5l ^;^12^;^44.9^;^Castrol-Magnatec-StopStart-5W30-A3-B4-5l-.jpg^;^Castrol-Magnatec-StopStart-5W30-A3-B4-5l-.jpg^;^Castrol-Magnatec-StopStart-5W30-A3-B4-5l-.jpg^;^5.0^;^Castrol^
^13382^;^1^;^4^;^1^;^0^;^base^;^simple^;^Default^;^Castrol EDGE 5W30 C3  1l^;^100^;^9.9^;^Castrol-EDGE-5W30-C3--1l.jpg^;^Castrol-EDGE-5W30-C3--1l.jpg^;^Castrol-EDGE-5W30-C3--1l.jpg^;^1.0^;^Castrol^
^13380^;^1^;^4^;^1^;^0^;^base^;^simple^;^Default^;^Castrol EDGE 5W30 C3 208l^;^0^;^1575.9^;^Castrol-EDGE-5W30-C3-208l.jpg^;^Castrol-EDGE-5W30-C3-208l.jpg^;^Castrol-EDGE-5W30-C3-208l.jpg^;^208.0^;^Castrol^
^13379^;^1^;^4^;^1^;^0^;^base^;^simple^;^Default^;^Castrol EDGE 5W30 C3 20l^;^1^;^163.9^;^Castrol-EDGE-5W30-C3-20l.jpg^;^Castrol-EDGE-5W30-C3-20l.jpg^;^Castrol-EDGE-5W30-C3-20l.jpg^;^20.0^;^Castrol^
^14690^;^1^;^4^;^1^;^0^;^base^;^simple^;^Default^;^Castrol EDGE 5W30 C3  4l^;^100^;^36.9^;^Castrol-EDGE-5W30-C3--4l.jpg^;^Castrol-EDGE-5W30-C3--4l.jpg^;^Castrol-EDGE-5W30-C3--4l.jpg^;^4.0^;^Castrol^
^13381^;^1^;^4^;^1^;^0^;^base^;^simple^;^Default^;^Castrol EDGE 5W30 C3 60l^;^4^;^480.9^;^Castrol-EDGE-5W30-C3-60l.jpg^;^Castrol-EDGE-5W30-C3-60l.jpg^;^Castrol-EDGE-5W30-C3-60l.jpg^;^60.0^;^Castrol^
^588^;^1^;^4^;^1^;^0^;^base^;^simple^;^Default^;^Castrol Edge 5W30 FST 208l^;^1^;^1607.9^;^Castrol-Edge-5W30-FST-208l.jpg^;^Castrol-Edge-5W30-FST-208l.jpg^;^Castrol-Edge-5W30-FST-208l.jpg^;^208.0^;^Castrol^
^13387^;^1^;^4^;^1^;^0^;^base^;^simple^;^Default^;^Castrol EDGE 5W30 LL Titanium FST  LonglifeIII 1l^;^100^;^9.9^;^Castrol-EDGE-5W30-LL-Titanium-FST--LonglifeIII-1l.jpg^;^Castrol-EDGE-5W30-LL-Titanium-FST--LonglifeIII-1l.jpg^;^Castrol-EDGE-5W30-LL-Titanium-FST--LonglifeIII-1l.jpg^;^1.0^;^Castrol^
^13385^;^1^;^4^;^1^;^0^;^base^;^simple^;^Default^;^Castrol EDGE 5W30 LL Titanium FST  LonglifeIII 208l ^;^0^;^1575.9^;^Castrol-EDGE-5W30-LL-Titanium-FST--LonglifeIII-208l-.jpg^;^Castrol-EDGE-5W30-LL-Titanium-FST--LonglifeIII-208l-.jpg^;^Castrol-EDGE-5W30-LL-Titanium-FST--LonglifeIII-208l-.jpg^;^208.0^;^Castrol^
^13384^;^1^;^4^;^1^;^0^;^base^;^simple^;^Default^;^Castrol EDGE 5W30 LL Titanium FST  LonglifeIII 20l ^;^6^;^163.9^;^Castrol-EDGE-5W30-LL-Titanium-FST--LonglifeIII-20l-.jpg^;^Castrol-EDGE-5W30-LL-Titanium-FST--LonglifeIII-20l-.jpg^;^Castrol-EDGE-5W30-LL-Titanium-FST--LonglifeIII-20l-.jpg^;^20.0^;^Castrol^
^13388^;^1^;^4^;^1^;^0^;^base^;^simple^;^Default^;^Castrol EDGE 5W30 LL Titanium FST  LonglifeIII 5l ^;^100^;^43.9^;^Castrol-EDGE-5W30-LL-Titanium-FST--LonglifeIII-5l-.jpg^;^Castrol-EDGE-5W30-LL-Titanium-FST--LonglifeIII-5l-.jpg^;^Castrol-EDGE-5W30-LL-Titanium-FST--LonglifeIII-5l-.jpg^;^5.0^;^Castrol^
^13386^;^1^;^4^;^1^;^0^;^base^;^simple^;^Default^;^Castrol EDGE 5W30 LL Titanium FST  LonglifeIII 60l ^;^4^;^480.9^;^Castrol-EDGE-5W30-LL-Titanium-FST--LonglifeIII-60l-.jpg^;^Castrol-EDGE-5W30-LL-Titanium-FST--LonglifeIII-60l-.jpg^;^Castrol-EDGE-5W30-LL-Titanium-FST--LonglifeIII-60l-.jpg^;^60.0^;^Castrol^
^466^;^1^;^4^;^1^;^0^;^base^;^simple^;^Default^;^Castrol EDGE Professional Longlife III 5W30 208l^;^0^;^1354.9^;^Castrol-EDGE-Professional-Longlife-III-5W30-208l.jpg^;^Castrol-EDGE-Professional-Longlife-III-5W30-208l.jpg^;^Castrol-EDGE-Professional-Longlife-III-5W30-208l.jpg^;^208.0^;^Castrol^
^586^;^1^;^4^;^1^;^0^;^base^;^simple^;^Default^;^Castrol EDGE Professional Longlife III 5W30 60l^;^9^;^465.9^;^Castrol-EDGE-Professional-Longlife-III-5W30-60l.jpg^;^Castrol-EDGE-Professional-Longlife-III-5W30-60l.jpg^;^Castrol-EDGE-Professional-Longlife-III-5W30-60l.jpg^;^60.0^;^Castrol^
^8235^;^1^;^4^;^1^;^0^;^base^;^simple^;^Default^;^Castrol EDGE Professional Longlife III Titanium FST 5W30  1l^;^100^;^9.9^;^Castrol-EDGE-Professional-Longlife-III-Titanium-FST-5W30--1l.jpg^;^Castrol-EDGE-Professional-Longlife-III-Titanium-FST-5W30--1l.jpg^;^Castrol-EDGE-Professional-Longlife-III-Titanium-FST-5W30--1l.jpg^;^1.0^;^Castrol^
^4036^;^1^;^4^;^1^;^0^;^base^;^simple^;^Default^;^Castrol EDGE Professional Longlife III Titanium FST 5W30  4l^;^0^;^36.9^;^Castrol-EDGE-Professional-Longlife-III-Titanium-FST-5W30--4l.jpg^;^Castrol-EDGE-Professional-Longlife-III-Titanium-FST-5W30--4l.jpg^;^Castrol-EDGE-Professional-Longlife-III-Titanium-FST-5W30--4l.jpg^;^4.0^;^Castrol^
^4134^;^1^;^4^;^1^;^0^;^base^;^simple^;^Default^;^Castrol Edge Professional OE 5W30  1l^;^100^;^14.9^;^Castrol-Edge-Professional-OE-5W30--1l.jpg^;^Castrol-Edge-Professional-OE-5W30--1l.jpg^;^Castrol-Edge-Professional-OE-5W30--1l.jpg^;^1.0^;^Castrol^
^4412^;^1^;^4^;^1^;^0^;^base^;^simple^;^Default^;^Castrol Edge Professional OE 5W30 60l^;^1^;^470.9^;^Castrol-Edge-Professional-OE-5W30-60l.jpg^;^Castrol-Edge-Professional-OE-5W30-60l.jpg^;^Castrol-Edge-Professional-OE-5W30-60l.jpg^;^60.0^;^Castrol^
^1010^;^1^;^4^;^1^;^0^;^base^;^simple^;^Default^;^Castrol Edge Professional Titanium A5 5W30  1l^;^9^;^11.9^;^Castrol-Edge-Professional-Titanium-A5-5W30--1l.jpg^;^Castrol-Edge-Professional-Titanium-A5-5W30--1l.jpg^;^Castrol-Edge-Professional-Titanium-A5-5W30--1l.jpg^;^1.0^;^Castrol^
^1012^;^1^;^4^;^1^;^0^;^base^;^simple^;^Default^;^Castrol Edge Professional Titanium A5 5W30 208l^;^0^;^1094.9^;^Castrol-Edge-Professional-Titanium-A5-5W30-208l.jpg^;^Castrol-Edge-Professional-Titanium-A5-5W30-208l.jpg^;^Castrol-Edge-Professional-Titanium-A5-5W30-208l.jpg^;^208.0^;^Castrol^
^1011^;^1^;^4^;^1^;^0^;^base^;^simple^;^Default^;^Castrol Edge Professional Titanium A5 5W30 60l^;^0^;^365.9^;^Castrol-Edge-Professional-Titanium-A5-5W30-60l.jpg^;^Castrol-Edge-Professional-Titanium-A5-5W30-60l.jpg^;^Castrol-Edge-Professional-Titanium-A5-5W30-60l.jpg^;^60.0^;^Castrol^
^4782^;^1^;^4^;^1^;^0^;^base^;^simple^;^Default^;^Castrol Edge Professional Titanium BMW LL04 5W30  1l^;^65^;^10.9^;^Castrol-Edge-Professional-Titanium-BMW-LL04-5W30--1l.jpg^;^Castrol-Edge-Professional-Titanium-BMW-LL04-5W30--1l.jpg^;^Castrol-Edge-Professional-Titanium-BMW-LL04-5W30--1l.jpg^;^1.0^;^Castrol^
^1006^;^1^;^4^;^1^;^0^;^base^;^simple^;^Default^;^Castrol Edge Professional Titanium C1 5W30  1l^;^58^;^11.9^;^Castrol-Edge-Professional-Titanium-C1-5W30--1l.jpg^;^Castrol-Edge-Professional-Titanium-C1-5W30--1l.jpg^;^Castrol-Edge-Professional-Titanium-C1-5W30--1l.jpg^;^1.0^;^Castrol^
^1007^;^1^;^4^;^1^;^0^;^base^;^simple^;^Default^;^Castrol Edge Professional Titanium C1 5W30  208l^;^1^;^1840.9^;^Castrol-Edge-Professional-Titanium-C1-5W30--208l.jpg^;^Castrol-Edge-Professional-Titanium-C1-5W30--208l.jpg^;^Castrol-Edge-Professional-Titanium-C1-5W30--208l.jpg^;^208.0^;^Castrol^
^1008^;^1^;^4^;^1^;^0^;^base^;^simple^;^Default^;^Castrol Edge Professional Titanium C4 5W30  1l^;^21^;^9.9^;^Castrol-Edge-Professional-Titanium-C4-5W30--1l.jpg^;^Castrol-Edge-Professional-Titanium-C4-5W30--1l.jpg^;^Castrol-Edge-Professional-Titanium-C4-5W30--1l.jpg^;^1.0^;^Castrol^
^1009^;^1^;^4^;^1^;^0^;^base^;^simple^;^Default^;^Castrol Edge Professional Titanium C4 5W30 208l^;^0^;^1493.9^;^Castrol-Edge-Professional-Titanium-C4-5W30-208l.jpg^;^Castrol-Edge-Professional-Titanium-C4-5W30-208l.jpg^;^Castrol-Edge-Professional-Titanium-C4-5W30-208l.jpg^;^208.0^;^Castrol^
^3220^;^1^;^4^;^1^;^0^;^base^;^simple^;^Default^;^Castrol Magnatec 5W30 A3/B4  1l^;^100^;^9.9^;^Castrol-Magnatec-5W30-A3-B4--1l.jpg^;^Castrol-Magnatec-5W30-A3-B4--1l.jpg^;^Castrol-Magnatec-5W30-A3-B4--1l.jpg^;^1.0^;^Castrol^
^14755^;^1^;^4^;^1^;^0^;^base^;^simple^;^Default^;^Castrol Magnatec 5W30 A3/B4  4l^;^4^;^31.9^;^Castrol-Magnatec-5W30-A3-B4--4l.jpg^;^Castrol-Magnatec-5W30-A3-B4--4l.jpg^;^Castrol-Magnatec-5W30-A3-B4--4l.jpg^;^4.0^;^Castrol^
^3224^;^1^;^4^;^1^;^0^;^base^;^simple^;^Default^;^Castrol Magnatec 5W30 A3/B4  5l^;^29^;^39.9^;^Castrol-Magnatec-5W30-A3-B4--5l.jpg^;^Castrol-Magnatec-5W30-A3-B4--5l.jpg^;^Castrol-Magnatec-5W30-A3-B4--5l.jpg^;^5.0^;^Castrol^
^3226^;^1^;^4^;^1^;^0^;^base^;^simple^;^Default^;^Castrol Magnatec 5W30 A3/B4 60l^;^0^;^415.9^;^Castrol-Magnatec-5W30-A3-B4-60l.jpg^;^Castrol-Magnatec-5W30-A3-B4-60l.jpg^;^Castrol-Magnatec-5W30-A3-B4-60l.jpg^;^60.0^;^Castrol^
^13616^;^1^;^4^;^1^;^0^;^base^;^simple^;^Default^;^Castrol Magnatec 5W30 C2 208l^;^0^;^1405.9^;^Castrol-Magnatec-5W30-C2-208l.jpg^;^Castrol-Magnatec-5W30-C2-208l.jpg^;^Castrol-Magnatec-5W30-C2-208l.jpg^;^208.0^;^Castrol^
^3216^;^1^;^4^;^1^;^0^;^base^;^simple^;^Default^;^Castrol Magnatec 5W30 C3  1l^;^6^;^9.9^;^Castrol-Magnatec-5W30-C3--1l.jpg^;^Castrol-Magnatec-5W30-C3--1l.jpg^;^Castrol-Magnatec-5W30-C3--1l.jpg^;^1.0^;^Castrol^
^13617^;^1^;^4^;^1^;^0^;^base^;^simple^;^Default^;^Castrol Magnatec 5W30 C3 208l^;^0^;^1405.9^;^Castrol-Magnatec-5W30-C3-208l.jpg^;^Castrol-Magnatec-5W30-C3-208l.jpg^;^Castrol-Magnatec-5W30-C3-208l.jpg^;^208.0^;^Castrol^
^993^;^1^;^4^;^1^;^0^;^base^;^simple^;^Default^;^Castrol Magnatec Professional A3 5W30  1l^;^100^;^8.9^;^Castrol-Magnatec-Professional-A3-5W30--1l.jpg^;^Castrol-Magnatec-Professional-A3-5W30--1l.jpg^;^Castrol-Magnatec-Professional-A3-5W30--1l.jpg^;^1.0^;^Castrol^
^995^;^1^;^4^;^1^;^0^;^base^;^simple^;^Default^;^Castrol Magnatec Professional A3 5W30 208l^;^0^;^1424.9^;^Castrol-Magnatec-Professional-A3-5W30-208l.jpg^;^Castrol-Magnatec-Professional-A3-5W30-208l.jpg^;^Castrol-Magnatec-Professional-A3-5W30-208l.jpg^;^208.0^;^Castrol^
^994^;^1^;^4^;^1^;^0^;^base^;^simple^;^Default^;^Castrol Magnatec Professional A3 5W30 60l^;^0^;^440.9^;^Castrol-Magnatec-Professional-A3-5W30-60l.jpg^;^Castrol-Magnatec-Professional-A3-5W30-60l.jpg^;^Castrol-Magnatec-Professional-A3-5W30-60l.jpg^;^60.0^;^Castrol^
^996^;^1^;^4^;^1^;^0^;^base^;^simple^;^Default^;^Castrol Magnatec Professional A5 5W30 Ford  1l^;^0^;^8.9^;^Castrol-Magnatec-Professional-A5-5W30-Ford--1l.jpg^;^Castrol-Magnatec-Professional-A5-5W30-Ford--1l.jpg^;^Castrol-Magnatec-Professional-A5-5W30-Ford--1l.jpg^;^1.0^;^Castrol^
^998^;^1^;^4^;^1^;^0^;^base^;^simple^;^Default^;^Castrol Magnatec Professional A5 5W30 Ford 208l^;^0^;^1024.9^;http://www.oliehandel.nl/files/7/phoos/1450700936Castrol%20208L.jpg;^Castrol-Magnatec-Professional-A5-5W30-Ford-208l.jpg^;^Castrol-Magnatec-Professional-A5-5W30-Ford-208l.jpg^;^208.0^;^Castrol^
^4563^;^1^;^4^;^1^;^0^;^base^;^simple^;^Default^;^Castrol Magnatec Professional A5 5W30 Ford  5l^;^0^;^48.9^;http://i.ebayimg.com/00/s/MTYwMFgxNjAw/z/i3UAAOSwv0tVWuoh/$_35.JPG?set_id=880000500F;^Castrol-Magnatec-Professional-A5-5W30-Ford--5l.jpg^;^Castrol-Magnatec-Professional-A5-5W30-Ford--5l.jpg^;^5.0^;^Castrol^
^997^;^1^;^4^;^1^;^0^;^base^;^simple^;^Default^;^Castrol Magnatec Professional A5 5W30 Ford 60l^;^1^;^440.9^;http://www.oliehandel.nl/files/7/phoos/1450700936Castrol%20208L.jpg;^Castrol-Magnatec-Professional-A5-5W30-Ford-60l.jpg^;^Castrol-Magnatec-Professional-A5-5W30-Ford-60l.jpg^;^60.0^;^Castrol^
^991^;^1^;^4^;^1^;^0^;^base^;^simple^;^Default^;^Castrol Magnatec Professional C2 5W30  1l^;^7^;^9.9^;https://cdn.idealo.com/folder/Product/3196/9/3196913/s1_produktbild_gross/castrol-magnatec-5w-30-c2-1-l.png;^Castrol-Magnatec-Professional-C2-5W30--1l.jpg^;^Castrol-Magnatec-Professional-C2-5W30--1l.jpg^;^1.0^;^Castrol^
^992^;^1^;^4^;^1^;^0^;^base^;^simple^;^Default^;^Castrol Magnatec Professional C2 5W30 208l^;^0^;^1528.9^;http://www.oliehandel.nl/files/7/phoos/1450700936Castrol%20208L.jpg;^Castrol-Magnatec-Professional-C2-5W30-208l.jpg^;^Castrol-Magnatec-Professional-C2-5W30-208l.jpg^;^208.0^;^Castrol^
^390^;^1^;^4^;^1^;^0^;^base^;^simple^;^Default^;^Castrol Magnatec Professional MP 5W30  1l^;^86^;^9.9^;https://www.kiapartsuk.com/ekmps/shops/tmskia/images/castrol-magnatec-professional-mp-5w-30-c3-1-litre-1254-p.jpg;^Castrol-Magnatec-Professional-MP-5W30--1l.jpg^;^Castrol-Magnatec-Professional-MP-5W30--1l.jpg^;^1.0^;^Castrol^
^13597^;^1^;^4^;^1^;^0^;^base^;^simple^;^Default^;^Castrol Magnatec Stop-Start 5W30 A3/B4 1l^;^48^;^10.9^;http://www.atu.de/extern/gfx/artikel/CT2_/CT2315_L.jpg;^Castrol-Magnatec-StopStart-5W30-A3-B4-1l.jpg^;^Castrol-Magnatec-StopStart-5W30-A3-B4-1l.jpg^;^1.0^;^Castrol^
^13595^;^1^;^4^;^1^;^0^;^base^;^simple^;^Default^;^Castrol Magnatec Stop-Start 5W30 A3/B4 208l ^;^0^;^1482.9^;http://www.oliehandel.nl/files/7/phoos/1450700936Castrol%20208L.jpg;^Castrol-Magnatec-StopStart-5W30-A3-B4-208l-.jpg^;^Castrol-Magnatec-StopStart-5W30-A3-B4-208l-.jpg^;^208.0^;^Castrol^
^13596^;^1^;^4^;^1^;^0^;^base^;^simple^;^Default^;^Castrol Magnatec Stop-Start 5W30 A3/B4 60l ^;^0^;^454.9^;http://www.oliehandel.nl/files/7/phoos/1450700936Castrol%20208L.jpg;^Castrol-Magnatec-StopStart-5W30-A3-B4-60l-.jpg^;^Castrol-Magnatec-StopStart-5W30-A3-B4-60l-.jpg^;^60.0^;^Castrol^
^13602^;^1^;^4^;^1^;^0^;^base^;^simple^;^Default^;^Castrol Magnatec Stop-Start 5W30 A5 1l^;^100^;^10.9^;http://www.atu.de/extern/gfx/artikel/CT2_/CT2309_L.jpg;^Castrol-Magnatec-StopStart-5W30-A5-1l.jpg^;^Castrol-Magnatec-StopStart-5W30-A5-1l.jpg^;^1.0^;^Castrol^
^13600^;^1^;^4^;^1^;^0^;^base^;^simple^;^Default^;^Castrol Magnatec Stop-Start 5W30 A5 208l ^;^0^;^1497.9^;http://www.oliehandel.nl/files/7/phoos/1450700936Castrol%20208L.jpg;^Castrol-Magnatec-StopStart-5W30-A5-208l-.jpg^;^Castrol-Magnatec-StopStart-5W30-A5-208l-.jpg^;^208.0^;^Castrol^
^13599^;^1^;^4^;^1^;^0^;^base^;^simple^;^Default^;^Castrol Magnatec Stop-Start 5W30 A5 20l ^;^4^;^158.9^;http://quantum.thetradepartsspecialists.co.uk/themes/quantum/images/products/Lubricants/ZGB14D79620L.jpg;^Castrol-Magnatec-StopStart-5W30-A5-20l-.jpg^;^Castrol-Magnatec-StopStart-5W30-A5-20l-.jpg^;^20.0^;^Castrol^
^13603^;^1^;^4^;^1^;^0^;^base^;^simple^;^Default^;^Castrol Magnatec Stop-Start 5W30 A5 5l ^;^14^;^44.9^;https://images-na.ssl-images-amazon.com/images/I/51yTMd1PVLL._SY300_.jpg;^Castrol-Magnatec-StopStart-5W30-A5-5l-.jpg^;^Castrol-Magnatec-StopStart-5W30-A5-5l-.jpg^;^5.0^;^Castrol^
^13601^;^1^;^4^;^1^;^0^;^base^;^simple^;^Default^;^Castrol Magnatec Stop-Start 5W30 A5 60l ^;^0^;^458.9^;http://www.oliehandel.nl/files/7/phoos/1450700936Castrol%20208L.jpg;^Castrol-Magnatec-StopStart-5W30-A5-60l-.jpg^;^Castrol-Magnatec-StopStart-5W30-A5-60l-.jpg^;^60.0^;^Castrol^
^13607^;^1^;^4^;^1^;^0^;^base^;^simple^;^Default^;^Castrol Magnatec Stop-Start 5W30 C2 1l^;^29^;^10.9^;http://www.atu.de/extern/gfx/artikel/CT2_/CT2311_L.jpg;^Castrol-Magnatec-StopStart-5W30-C2-1l.jpg^;^Castrol-Magnatec-StopStart-5W30-C2-1l.jpg^;^1.0^;^Castrol^
^13605^;^1^;^4^;^1^;^0^;^base^;^simple^;^Default^;^Castrol Magnatec Stop-Start 5W30 C2 208l ^;^0^;^1497.9^;http://www.oliehandel.nl/files/7/phoos/1450700936Castrol%20208L.jpg;^Castrol-Magnatec-StopStart-5W30-C2-208l-.jpg^;^Castrol-Magnatec-StopStart-5W30-C2-208l-.jpg^;^208.0^;^Castrol^
^13604^;^1^;^4^;^1^;^0^;^base^;^simple^;^Default^;^Castrol Magnatec Stop-Start 5W30 C2 20l ^;^3^;^158.9^;http://quantum.thetradepartsspecialists.co.uk/themes/quantum/images/products/Lubricants/ZGB14D79620L.jpg;^Castrol-Magnatec-StopStart-5W30-C2-20l-.jpg^;^Castrol-Magnatec-StopStart-5W30-C2-20l-.jpg^;^20.0^;^Castrol^
^13608^;^1^;^4^;^1^;^0^;^base^;^simple^;^Default^;^Castrol Magnatec Stop-Start 5W30 C2 5l ^;^52^;^44.9^;http://ebay.pitstop.de/shop/images/DCA_1599DC.jpg;^Castrol-Magnatec-StopStart-5W30-C2-5l-.jpg^;^Castrol-Magnatec-StopStart-5W30-C2-5l-.jpg^;^5.0^;^Castrol^
^13606^;^1^;^4^;^1^;^0^;^base^;^simple^;^Default^;^Castrol Magnatec Stop-Start 5W30 C2 60l ^;^0^;^458.9^;http://www.oliehandel.nl/files/7/phoos/1450700936Castrol%20208L.jpg;^Castrol-Magnatec-StopStart-5W30-C2-60l-.jpg^;^Castrol-Magnatec-StopStart-5W30-C2-60l-.jpg^;^60.0^;^Castrol^
^13612^;^1^;^4^;^1^;^0^;^base^;^simple^;^Default^;^Castrol Magnatec Stop-Start 5W30 C3 1l^;^37^;^9.9^;https://www.duw-tuner.de/images/product_images/popup_images/castrol_159a5b.jpg;^Castrol-Magnatec-StopStart-5W30-C3-1l.jpg^;^Castrol-Magnatec-StopStart-5W30-C3-1l.jpg^;^1.0^;^Castrol^
^13610^;^1^;^4^;^1^;^0^;^base^;^simple^;^Default^;^Castrol Magnatec Stop-Start 5W30 C3 208l ^;^0^;^1406.9^;http://www.oliehandel.nl/files/7/phoos/1450700936Castrol%20208L.jpg;^Castrol-Magnatec-StopStart-5W30-C3-208l-.jpg^;^Castrol-Magnatec-StopStart-5W30-C3-208l-.jpg^;^208.0^;^Castrol^
^13609^;^1^;^4^;^1^;^0^;^base^;^simple^;^Default^;^Castrol Magnatec Stop-Start 5W30 C3 20l ^;^8^;^147.9^;http://www.oliehandel.nl/files/7/phoos/1450700936Castrol%20208L.jpg;^Castrol-Magnatec-StopStart-5W30-C3-20l-.jpg^;^Castrol-Magnatec-StopStart-5W30-C3-20l-.jpg^;^20.0^;^Castrol^
^2765^;^1^;^4^;^1^;^0^;^base^;^simple^;^Default^;^Castrol Edge Titanium FST 5W40  1l^;^100^;^10.9^;https://image.delti.com/oil-pictures/Castrol/477/EDGE_Titanium_FST_Turbo_Diesel_5W-40_1.jpg;^Castrol-Edge-Titanium-FST-5W40--1l.jpg^;^Castrol-Edge-Titanium-FST-5W40--1l.jpg^;^1.0^;^Castrol^
^13389^;^1^;^4^;^1^;^0^;^base^;^simple^;^Default^;^Castrol Edge Titanium FST 5W40 208l^;^0^;^1530.9^;http://www.oliehandel.nl/files/7/phoos/1450700936Castrol%20208L.jpg;^Castrol-Edge-Titanium-FST-5W40-208l.jpg^;^Castrol-Edge-Titanium-FST-5W40-208l.jpg^;^208.0^;^Castrol^
^2767^;^1^;^4^;^1^;^0^;^base^;^simple^;^Default^;^Castrol Edge Titanium FST 5W40 20l^;^5^;^159.9^;http://i.ebayimg.com/00/s/NTUwWDU1MA==/z/R5gAAOSwDuJWuN1c/$_1.JPG;^Castrol-Edge-Titanium-FST-5W40-20l.jpg^;^Castrol-Edge-Titanium-FST-5W40-20l.jpg^;^20.0^;^Castrol^
^4838^;^1^;^4^;^1^;^0^;^base^;^simple^;^Default^;^Castrol Edge Titanium FST 5W40  4l^;^100^;^35.9^;http://ebay.pitstop.de/shop/images/DCA_1535F4.jpg;^Castrol-Edge-Titanium-FST-5W40--4l.jpg^;^Castrol-Edge-Titanium-FST-5W40--4l.jpg^;^4.0^;^Castrol^
^2766^;^1^;^4^;^1^;^0^;^base^;^simple^;^Default^;^Castrol Edge Titanium FST 5W40  5l^;^16^;^55.9^;https://media.real-onlineshop.de/images/items/1024x1024/d2494ebc038309b2340ac867c425aede.jpg;^Castrol-Edge-Titanium-FST-5W40--5l.jpg^;^Castrol-Edge-Titanium-FST-5W40--5l.jpg^;^5.0^;^Castrol^
^2768^;^1^;^4^;^1^;^0^;^base^;^simple^;^Default^;^Castrol Edge Titanium FST 5W40 60l^;^0^;^477.9^;http://www.oliehandel.nl/files/7/phoos/1450700936Castrol%20208L.jpg;^Castrol-Edge-Titanium-FST-5W40-60l.jpg^;^Castrol-Edge-Titanium-FST-5W40-60l.jpg^;^60.0^;^Castrol^
^18^;^1^;^4^;^1^;^0^;^base^;^simple^;^Default^;^Castrol Edge Turbo Diesel 5W40 Titanium FST  1l^;^100^;^8.9^;https://image.delti.com/oil-pictures/Castrol/477/EDGE_Titanium_FST_Turbo_Diesel_5W-40_1.jpg;^Castrol-Edge-Turbo-Diesel-5W40-Titanium-FST--1l.jpg^;^Castrol-Edge-Turbo-Diesel-5W40-Titanium-FST--1l.jpg^;^1.0^;^Castrol^
^590^;^1^;^4^;^1^;^0^;^base^;^simple^;^Default^;^Castrol Edge Turbo Diesel 5W40 Titanium FST  208l^;^0^;^1310.9^;http://www.oliehandel.nl/files/7/phoos/1450700936Castrol%20208L.jpg;^Castrol-Edge-Turbo-Diesel-5W40-Titanium-FST--208l.jpg^;^Castrol-Edge-Turbo-Diesel-5W40-Titanium-FST--208l.jpg^;^208.0^;^Castrol^
^2694^;^1^;^4^;^1^;^0^;^base^;^simple^;^Default^;^Castrol Edge Turbo Diesel 5W40 Titanium FST 20l^;^6^;^135.9^;http://www.motoroel100.de/WebRoot/Store13/Shops/62593035/54CB/51FD/6FAD/7CDD/5540/C0A8/2AB8/FCBF/Castrol-EDGE-TiFST-5W-40-1X20L-as.jpg;^Castrol-Edge-Turbo-Diesel-5W40-Titanium-FST-20l.jpg^;^Castrol-Edge-Turbo-Diesel-5W40-Titanium-FST-20l.jpg^;^20.0^;^Castrol^
^30^;^1^;^4^;^1^;^0^;^base^;^simple^;^Default^;^Castrol Edge Turbo Diesel 5W40 Titanium FST  4l^;^100^;^33.9^;http://cdn.billiger.com/dynimg/78ge6S-oyB-c4PJdHglphme9HlXTTlerIkVaBrCxoNVbVTo5KfgG-pw61NtS5ijmfKJk4Q427JjrEfIX0KkTFRzg8l0eCWmGS_Jm687yUWN3a4T7tbm_ZDwxWnAY6IwoxYUuqNQo6aHhWrXH64_kVRlLIa-sClknbOy4VbZ-IL02RRoeSjXj2zoO73PF0i7hXa-UflcnLhMU92n9SP1OOUsQ8UNOjj2sXsn0skqTmK39aOooGxkLjft-Yu6wx0T_pvJy1ajtfs4PlJgii_dhw0/unknown.jpg;^Castrol-Edge-Turbo-Diesel-5W40-Titanium-FST--4l.jpg^;^Castrol-Edge-Turbo-Diesel-5W40-Titanium-FST--4l.jpg^;^4.0^;^Castrol^
^589^;^1^;^4^;^1^;^0^;^base^;^simple^;^Default^;^Castrol Edge Turbo Diesel 5W40 Titanium FST 60l^;^3^;^407.9^;http://www.oliehandel.nl/files/7/phoos/1450700936Castrol%20208L.jpg;^Castrol-Edge-Turbo-Diesel-5W40-Titanium-FST-60l.jpg^;^Castrol-Edge-Turbo-Diesel-5W40-Titanium-FST-60l.jpg^;^60.0^;^Castrol^
^13411^;^1^;^4^;^1^;^0^;^base^;^simple^;^Default^;^Castrol GTX 5W40 A3/B4  1l^;^21^;^5.9^;https://images-eu.ssl-images-amazon.com/images/I/71FgWGYywzL._SY679_.jpg;^Castrol-GTX-5W40-A3-B4--1l.jpg^;^Castrol-GTX-5W40-A3-B4--1l.jpg^;^1.0^;^Castrol^
^13413^;^1^;^4^;^1^;^0^;^base^;^simple^;^Default^;^Castrol GTX 5W40 A3/B4 5l^;^10^;^24.9^;https://images-eu.ssl-images-amazon.com/images/I/81N9doWM3fL._SY355_.jpg;^Castrol-GTX-5W40-A3-B4-5l.jpg^;^Castrol-GTX-5W40-A3-B4-5l.jpg^;^5.0^;^Castrol^
^13417^;^1^;^4^;^1^;^0^;^base^;^simple^;^Default^;^Castrol GTX High Mileage 5W40 208l^;^0^;^820.9^;http://www.oliehandel.nl/files/7/phoos/1450700936Castrol%20208L.jpg;^Castrol-GTX-High-Mileage-5W40-208l.jpg^;^Castrol-GTX-High-Mileage-5W40-208l.jpg^;^208.0^;^Castrol^
^13418^;^1^;^4^;^1^;^0^;^base^;^simple^;^Default^;^Castrol GTX High Mileage 5W40 5l^;^12^;^24.9^;https://images-eu.ssl-images-amazon.com/images/I/81N9doWM3fL._SY355_.jpg;^Castrol-GTX-High-Mileage-5W40-5l.jpg^;^Castrol-GTX-High-Mileage-5W40-5l.jpg^;^5.0^;^Castrol^
^13419^;^1^;^4^;^1^;^0^;^base^;^simple^;^Default^;^Castrol GTX High Mileage 5W40 60l^;^0^;^248.9^;http://www.oliehandel.nl/files/7/phoos/1450700936Castrol%20208L.jpg;^Castrol-GTX-High-Mileage-5W40-60l.jpg^;^Castrol-GTX-High-Mileage-5W40-60l.jpg^;^60.0^;^Castrol^
^21^;^1^;^4^;^1^;^0^;^base^;^simple^;^Default^;^Castrol Magnatec 5W40 C3  1l^;^88^;^8.9^;https://www.forstinger.com/out/pictures/generated/product/1/665_665_100/20760007_1.jpg;^Castrol-Magnatec-5W40-C3--1l.jpg^;^Castrol-Magnatec-5W40-C3--1l.jpg^;^1.0^;^Castrol^
^592^;^1^;^4^;^1^;^0^;^base^;^simple^;^Default^;^Castrol Magnatec 5W40 C3  208l^;^0^;^1250.9^;http://www.oliehandel.nl/files/7/phoos/1450700936Castrol%20208L.jpg;^Castrol-Magnatec-5W40-C3--208l.jpg^;^Castrol-Magnatec-5W40-C3--208l.jpg^;^208.0^;^Castrol^
^2735^;^1^;^4^;^1^;^0^;^base^;^simple^;^Default^;^Castrol Magnatec 5W40 C3 20l^;^12^;^125.9^;http://media.brands4cars.eu/img/nologo/2-10802331.jpg;^Castrol-Magnatec-5W40-C3-20l.jpg^;^Castrol-Magnatec-5W40-C3-20l.jpg^;^20.0^;^Castrol^
^31^;^1^;^4^;^1^;^0^;^base^;^simple^;^Default^;^Castrol Magnatec 5W40 C3  4l^;^100^;^40.9^;https://images-na.ssl-images-amazon.com/images/I/81L9%2BTpqrrL._SL1500_.jpg;^Castrol-Magnatec-5W40-C3--4l.jpg^;^Castrol-Magnatec-5W40-C3--4l.jpg^;^4.0^;^Castrol^
^4613^;^1^;^4^;^1^;^0^;^base^;^simple^;^Default^;^Castrol Magnatec 5W40 C3  5l^;^29^;^35.9^;https://oel-billiger.at/media/catalog/product/9/1/91wFnYGUKiL._SL1500_.jpg;^Castrol-Magnatec-5W40-C3--5l.jpg^;^Castrol-Magnatec-5W40-C3--5l.jpg^;^5.0^;^Castrol^
^591^;^1^;^4^;^1^;^0^;^base^;^simple^;^Default^;^Castrol Magnatec 5W40 C3  60l^;^4^;^375.9^;http://www.oliehandel.nl/files/7/phoos/1450700936Castrol%20208L.jpg;^Castrol-Magnatec-5W40-C3--60l.jpg^;^Castrol-Magnatec-5W40-C3--60l.jpg^;^60.0^;^Castrol^
^20^;^1^;^4^;^1^;^0^;^base^;^simple^;^Default^;^Castrol Magnatec Diesel 5W40 DPF  1l^;^100^;^8.9^;https://www.forstinger.com/out/pictures/generated/product/1/665_665_100/12562183_1.jpg;^Castrol-Magnatec-Diesel-5W40-DPF--1l.jpg^;^Castrol-Magnatec-Diesel-5W40-DPF--1l.jpg^;^1.0^;^Castrol^
^4666^;^1^;^4^;^1^;^0^;^base^;^simple^;^Default^;^Castrol Magnatec Diesel 5W40 DPF 208l^;^0^;^1279.9^;http://www.oliehandel.nl/files/7/phoos/1450700936Castrol%20208L.jpg;^Castrol-Magnatec-Diesel-5W40-DPF-208l.jpg^;^Castrol-Magnatec-Diesel-5W40-DPF-208l.jpg^;^208.0^;^Castrol^
^3213^;^1^;^4^;^1^;^0^;^base^;^simple^;^Default^;^Castrol Magnatec Diesel 5W40 DPF 20l^;^8^;^131.9^;http://i.ebayimg.com/images/g/8DsAAOSwzaJX-1gv/s-l300.jpg;^Castrol-Magnatec-Diesel-5W40-DPF-20l.jpg^;^Castrol-Magnatec-Diesel-5W40-DPF-20l.jpg^;^20.0^;^Castrol^
^3212^;^1^;^4^;^1^;^0^;^base^;^simple^;^Default^;^Castrol Magnatec Diesel 5W40 DPF  5l^;^42^;^38.9^;https://images-na.ssl-images-amazon.com/images/I/91RZF4dYlXL._SY355_.jpg;^Castrol-Magnatec-Diesel-5W40-DPF--5l.jpg^;^Castrol-Magnatec-Diesel-5W40-DPF--5l.jpg^;^5.0^;^Castrol^
^1002^;^1^;^4^;^1^;^0^;^base^;^simple^;^Default^;^Castrol Magnatec Professional A3 5W40  1l^;^91^;^8.9^;http://i.ebayimg.com/images/g/KzgAAOSw44BYbm45/s-l300.jpg;^Castrol-Magnatec-Professional-A3-5W40--1l.jpg^;^Castrol-Magnatec-Professional-A3-5W40--1l.jpg^;^1.0^;^Castrol^
^4665^;^1^;^4^;^1^;^0^;^base^;^simple^;^Default^;^Castrol Magnatec Diesel 5W40 DPF 60l^;^2^;^393.9^;http://www.oliehandel.nl/files/7/phoos/1450700936Castrol%20208L.jpg;^Castrol-Magnatec-Diesel-5W40-DPF-60l.jpg^;^Castrol-Magnatec-Diesel-5W40-DPF-60l.jpg^;^60.0^;^Castrol^
^1004^;^1^;^4^;^1^;^0^;^base^;^simple^;^Default^;^Castrol Magnatec Professional A3 5W40 208l^;^0^;^1424.9^;http://www.oliehandel.nl/files/7/phoos/1450700936Castrol%20208L.jpg;^Castrol-Magnatec-Professional-A3-5W40-208l.jpg^;^Castrol-Magnatec-Professional-A3-5W40-208l.jpg^;^208.0^;^Castrol^
^1003^;^1^;^4^;^1^;^0^;^base^;^simple^;^Default^;^Castrol Magnatec Professional A3 5W40 60l^;^0^;^440.9^;http://www.oliehandel.nl/files/7/phoos/1450700936Castrol%20208L.jpg;^Castrol-Magnatec-Professional-A3-5W40-60l.jpg^;^Castrol-Magnatec-Professional-A3-5W40-60l.jpg^;^60.0^;^Castrol^
^982^;^1^;^4^;^1^;^0^;^base^;^simple^;^Default^;^Castrol Magnatec Professional B4 5W40  1l^;^51^;^11.9^;^Castrol-Magnatec-Professional-B4-5W40--1l.jpg^;^Castrol-Magnatec-Professional-B4-5W40--1l.jpg^;^Castrol-Magnatec-Professional-B4-5W40--1l.jpg^;^1.0^;^Castrol^
^999^;^1^;^4^;^1^;^0^;^base^;^simple^;^Default^;^Castrol Magnatec Professional OE 5W40  1l^;^94^;^8.9^;https://image.delti.com/oil-pictures/Castrol/1842/Magnatec_Professional_OE_5W-40_1.jpg;^Castrol-Magnatec-Professional-OE-5W40--1l.jpg^;^Castrol-Magnatec-Professional-OE-5W40--1l.jpg^;^1.0^;^Castrol^
^1001^;^1^;^4^;^1^;^0^;^base^;^simple^;^Default^;^Castrol Magnatec Professional OE 5W40 208l^;^0^;^1073.9^;http://www.oliehandel.nl/files/7/phoos/1450700936Castrol%20208L.jpg;^Castrol-Magnatec-Professional-OE-5W40-208l.jpg^;^Castrol-Magnatec-Professional-OE-5W40-208l.jpg^;^208.0^;^Castrol^
^1000^;^1^;^4^;^1^;^0^;^base^;^simple^;^Default^;^Castrol Magnatec Professional OE 5W40 60l^;^3^;^373.9^;http://www.oliehandel.nl/files/7/phoos/1450700936Castrol%20208L.jpg;^Castrol-Magnatec-Professional-OE-5W40-60l.jpg^;^Castrol-Magnatec-Professional-OE-5W40-60l.jpg^;^60.0^;^Castrol^
^3210^;^1^;^4^;^1^;^0^;^base^;^simple^;^Default^;^Castrol GTX 10W40 A3/B4  1l^;^49^;^6.9^;https://www.forstinger.com/out/pictures/generated/product/1/665_665_100/10139769_1.jpg;^Castrol-GTX-10W40-A3-B4--1l.jpg^;^Castrol-GTX-10W40-A3-B4--1l.jpg^;^1.0^;^Castrol^
^13398^;^1^;^4^;^1^;^0^;^base^;^simple^;^Default^;^Castrol GTX 10W40 A3/B4 208l^;^0^;^867.9^;http://www.oliehandel.nl/files/7/phoos/1450700936Castrol%20208L.jpg;^Castrol-GTX-10W40-A3-B4-208l.jpg^;^Castrol-GTX-10W40-A3-B4-208l.jpg^;^208.0^;^Castrol^
^13399^;^1^;^4^;^1^;^0^;^base^;^simple^;^Default^;^Castrol GTX 10W40 A3/B4 20l^;^8^;^86.9^;https://www.oljemagasinet.se/image/cache/data/Castrol/Castrol_GTX_10W-40_20L-500x500.jpg;^Castrol-GTX-10W40-A3-B4-20l.jpg^;^Castrol-GTX-10W40-A3-B4-20l.jpg^;^20.0^;^Castrol^
^163^;^1^;^4^;^1^;^0^;^base^;^simple^;^Default^;^Castrol GTX 10W40 A3/B4  5l^;^36^;^25.9^;http://www.alyva.lt/image/cache/data/alyva/castrol/castrol-gtx-10w40-a3-b4-5l-500x500.png;^Castrol-GTX-10W40-A3-B4--5l.jpg^;^Castrol-GTX-10W40-A3-B4--5l.jpg^;^5.0^;^Castrol^
^652^;^1^;^4^;^1^;^0^;^base^;^simple^;^Default^;^Castrol GTX 10W40 A3/B4 60l^;^5^;^260.9^;http://www.oliehandel.nl/files/7/phoos/1450700936Castrol%20208L.jpg;^Castrol-GTX-10W40-A3-B4-60l.jpg^;^Castrol-GTX-10W40-A3-B4-60l.jpg^;^60.0^;^Castrol^
^409^;^1^;^4^;^1^;^0^;^base^;^simple^;^Default^;^Castrol GTX Professional A3 10W40  1l^;^100^;^8.9^;https://images-eu.ssl-images-amazon.com/images/I/71CtZI2t-ZL._SY679_.jpg;^Castrol-GTX-Professional-A3-10W40--1l.jpg^;^Castrol-GTX-Professional-A3-10W40--1l.jpg^;^1.0^;^Castrol^
^22^;^1^;^4^;^1^;^0^;^base^;^simple^;^Default^;^Castrol Magnatec 10W40 A3/B4  1l^;^100^;^7.9^;https://www.forstinger.com/out/pictures/generated/product/1/665_665_100/12364169_1.jpg;^Castrol-Magnatec-10W40-A3-B4--1l.jpg^;^Castrol-Magnatec-10W40-A3-B4--1l.jpg^;^1.0^;^Castrol^
^594^;^1^;^4^;^1^;^0^;^base^;^simple^;^Default^;^Castrol Magnatec 10W40 A3/B4 208l^;^0^;^1114.9^;http://www.oliehandel.nl/files/7/phoos/1450700936Castrol%20208L.jpg;^Castrol-Magnatec-10W40-A3-B4-208l.jpg^;^Castrol-Magnatec-10W40-A3-B4-208l.jpg^;^208.0^;^Castrol^
^516^;^1^;^4^;^1^;^0^;^base^;^simple^;^Default^;^Castrol Magnatec 10W40 A3/B4  5l^;^58^;^34.9^;https://oel-billiger.at/media/catalog/product/cache/1/image/800x800/9df78eab33525d08d6e5fb8d27136e95/9/1/913WC8YZaCL._SL1500_1.jpg;^Castrol-Magnatec-10W40-A3-B4--5l.jpg^;^Castrol-Magnatec-10W40-A3-B4--5l.jpg^;^5.0^;^Castrol^
^593^;^1^;^4^;^1^;^0^;^base^;^simple^;^Default^;^Castrol Magnatec 10W40 A3/B4 60l^;^0^;^330.9^;http://www.oliehandel.nl/files/7/phoos/1450700936Castrol%20208L.jpg;^Castrol-Magnatec-10W40-A3-B4-60l.jpg^;^Castrol-Magnatec-10W40-A3-B4-60l.jpg^;^60.0^;^Castrol^
^23^;^1^;^4^;^1^;^0^;^base^;^simple^;^Default^;^Castrol Magnatec 10W40 B4 Diesel  1l^;^100^;^7.9^;https://www.m4tuning.com/3278/castrol-magnatec-diesel-10w40-b4.jpg;^Castrol-Magnatec-10W40-B4-Diesel--1l.jpg^;^Castrol-Magnatec-10W40-B4-Diesel--1l.jpg^;^1.0^;^Castrol^
^13618^;^1^;^4^;^1^;^0^;^base^;^simple^;^Default^;^Castrol Magnatec 10W40 B4 Diesel 5l^;^35^;^35.9^;https://p1.akcdn.net/full/70794265.castrol-magnatec-diesel-10w-40-b4-4l.jpg;^Castrol-Magnatec-10W40-B4-Diesel-5l.jpg^;^Castrol-Magnatec-10W40-B4-Diesel-5l.jpg^;^5.0^;^Castrol^
^13404^;^1^;^4^;^1^;^0^;^base^;^simple^;^Default^;^Castrol GTX 15W40 A3/B3  1l^;^26^;^5.9^;https://www.forstinger.com/out/pictures/generated/product/1/665_665_100/12364411_1.jpg;^Castrol-GTX-15W40-A3-B3--1l.jpg^;^Castrol-GTX-15W40-A3-B3--1l.jpg^;^1.0^;^Castrol^
^13406^;^1^;^4^;^1^;^0^;^base^;^simple^;^Default^;^Castrol GTX 15W40 A3/B3 208l^;^0^;^779.9^;http://www.oliehandel.nl/files/7/phoos/1450700936Castrol%20208L.jpg;^Castrol-GTX-15W40-A3-B3-208l.jpg^;^Castrol-GTX-15W40-A3-B3-208l.jpg^;^208.0^;^Castrol^
^13409^;^1^;^4^;^1^;^0^;^base^;^simple^;^Default^;^Castrol GTX 15W40 A3/B3 5l^;^19^;^24.9^;https://www.forstinger.com/out/pictures/generated/product/1/665_665_100/12364428_1.jpg;^Castrol-GTX-15W40-A3-B3-5l.jpg^;^Castrol-GTX-15W40-A3-B3-5l.jpg^;^5.0^;^Castrol^
^1039^;^1^;^4^;^1^;^0^;^base^;^simple^;^Default^;^Castrol Magnatec 15W40 A3/B4  1l^;^24^;^8.9^;https://images-eu.ssl-images-amazon.com/images/I/81j1Pc3ElfL._SY355_.jpg;^Castrol-Magnatec-15W40-A3-B4--1l.jpg^;^Castrol-Magnatec-15W40-A3-B4--1l.jpg^;^1.0^;^Castrol^
^13524^;^1^;^4^;^1^;^0^;^base^;^simple^;^Default^;^Castrol Tection Gas 15W40 208l^;^0^;^928.9^;http://www.oliehandel.nl/files/7/phoos/1450700936Castrol%20208L.jpg;^Castrol-Tection-Gas-15W40-208l.jpg^;^Castrol-Tection-Gas-15W40-208l.jpg^;^208.0^;^Castrol^
^221^;^1^;^4^;^1^;^0^;^base^;^simple^;^Default^;^Castrol Classic XL 20W50  5l^;^8^;^59.9^;https://cdn2.louis.de/content/catalogue/articles/img298x298/10038243_970_FR_07.JPG;^Castrol-Classic-XL-20W50--5l.jpg^;^Castrol-Classic-XL-20W50--5l.jpg^;^5.0^;^Castrol^
^13374^;^1^;^4^;^1^;^0^;^base^;^simple^;^Default^;^Castrol EDGE 10W60 Supercar 208l^;^0^;^2362.9^;http://www.oliehandel.nl/files/7/phoos/1450700936Castrol%20208L.jpg;^Castrol-EDGE-10W60-Supercar-208l.jpg^;^Castrol-EDGE-10W60-Supercar-208l.jpg^;^208.0^;^Castrol^
^13375^;^1^;^4^;^1^;^0^;^base^;^simple^;^Default^;^Castrol EDGE 10W60 Supercar 20l^;^2^;^249.9^;http://i.ebayimg.com/images/g/7v4AAOSwqM1YmiJ6/s-l300.jpg;^Castrol-EDGE-10W60-Supercar-20l.jpg^;^Castrol-EDGE-10W60-Supercar-20l.jpg^;^20.0^;^Castrol^
^13373^;^1^;^4^;^1^;^0^;^base^;^simple^;^Default^;^Castrol EDGE 10W60 Supercar  1l^;^100^;^16.9^;http://cdn1.doitgarden.ch/medias/sys_master/zoom/b/d/a/7/id_10917265637406_zoom.jpg;^Castrol-EDGE-10W60-Supercar--1l.jpg^;^Castrol-EDGE-10W60-Supercar--1l.jpg^;^1.0^;^Castrol^
^13377^;^1^;^4^;^1^;^0^;^base^;^simple^;^Default^;^Castrol EDGE 10W60 Supercar 5l^;^0^;^65.9^;https://www.oil-center.de/media/image/bd/79/d1/castrol-edge-10w-60-supercar-1x5-liter-titanium-fst-17193-1595ce5901ffd4d9b2d_600x600@2x.jpg;^Castrol-EDGE-10W60-Supercar-5l.jpg^;^Castrol-EDGE-10W60-Supercar-5l.jpg^;^5.0^;^Castrol^
^13378^;^1^;^4^;^1^;^0^;^base^;^simple^;^Default^;^Castrol EDGE 10W60 Supercar 60l^;^0^;^726.9^;http://www.oliehandel.nl/files/7/phoos/1450700936Castrol%20208L.jpg;^Castrol-EDGE-10W60-Supercar-60l.jpg^;^Castrol-EDGE-10W60-Supercar-60l.jpg^;^60.0^;^Castrol^
^201^;^1^;^4^;^1^;^0^;^base^;^simple^;^Default^;^Castrol Edge Professional 10W60 TWS  1l^;^0^;^13.9^;https://images.1000ps.net/p-000122-p_W1222232-castrol-edge-formular-tws-10w60-635206958610247474.jpg?maxwidth=700&maxheight=700;^Castrol-Edge-Professional-10W60-TWS--1l.jpg^;^Castrol-Edge-Professional-10W60-TWS--1l.jpg^;^1.0^;^Castrol^
^13372^;^1^;^4^;^1^;^0^;^base^;^simple^;^Default^;^Castrol Edge Titanium FST 10W60 208l^;^0^;^1866.9^;http://www.oliehandel.nl/files/7/phoos/1450700936Castrol%20208L.jpg;^Castrol-Edge-Titanium-FST-10W60-208l.jpg^;^Castrol-Edge-Titanium-FST-10W60-208l.jpg^;^208.0^;^Castrol^
^2727^;^1^;^4^;^1^;^0^;^base^;^simple^;^Default^;^Castrol Edge Titanium FST 10W60 60l^;^4^;^556.9^;http://www.oliehandel.nl/files/7/phoos/1450700936Castrol%20208L.jpg;^Castrol-Edge-Titanium-FST-10W60-60l.jpg^;^Castrol-Edge-Titanium-FST-10W60-60l.jpg^;^60.0^;^Castrol^